/*PORTAL版式表*/
CREATE TABLE T_SYS_PORTAL
(
    ILAYOUT_ID    DECIMAL(15,0) NULL,
    SLAYOUT_TITLE VARCHAR(50)   NULL,
    ITYPE         DECIMAL(15,0) NULL,
    ILEFTWIDTH    VARCHAR(10)   NULL,
    ICENTERWIDTH  VARCHAR(10)   NULL,
    IRIGHTWIDTH   VARCHAR(10)   NULL
)ENGINE=INNODB DEFAULT CHARSET=utf8;


/*PORTAL内容信息表*/
CREATE TABLE T_SYS_PORTAL_CONTENT
(
    ICONTENT_ID DECIMAL(15,0) NULL,
    STITLE      VARCHAR(50)   NULL,
    SURL        VARCHAR(200)  NULL,
    ISORT       DECIMAL(15,0) NULL,
    ISVALID     DECIMAL(15,0) DEFAULT 0         NULL,
    ICREATOR    DECIMAL(15,0) NULL,
    DUPDATE     VARCHAR(50) NULL,
    CONTENTTYPE DECIMAL(15,0) NULL
)ENGINE=INNODB DEFAULT CHARSET=utf8;


/*PORTAL定制信息表*/
CREATE TABLE T_SYS_PORTAL_ITEM
(
    IPORTAL_ID  DECIMAL(15,0) NULL,
    STITLE      VARCHAR(50)   NULL,
    ICONTENT_ID DECIMAL(15,0) NULL,
    ISCOLLAPSE  DECIMAL(15,0) DEFAULT 0         NULL,
    ISCLOSE     DECIMAL(15,0) DEFAULT 0         NULL,
    ISVALID     DECIMAL(15,0) DEFAULT 0         NULL,
    ISORT       DECIMAL(15,0) NULL,
    IROW        DECIMAL(15,0) NULL,
    ICOL        DECIMAL(15,0) NULL,
    IUSER_ID    DECIMAL(15,0) NULL,
    DUPDATE     VARCHAR(50)  NULL
)ENGINE=INNODB DEFAULT CHARSET=utf8;


/*版式和用户关系表*/
CREATE TABLE T_SYS_PORTL_LAYOUT_USER
(
    ILAYOUT_ID DECIMAL(15,0) NULL,
    IUSER_ID   DECIMAL(15,0) NULL
)ENGINE=INNODB DEFAULT CHARSET=utf8;


/*索引*/
CREATE INDEX idx_iLayoutId ON T_SYS_PORTAL (ILAYOUT_ID);
CREATE INDEX idx_iType ON T_SYS_PORTAL (ITYPE);

CREATE INDEX idx_iContentId ON T_SYS_PORTAL_CONTENT (ICONTENT_ID);

CREATE INDEX idx_iPortalId ON T_SYS_PORTAL_ITEM (IPORTAL_ID);
CREATE INDEX idx_iUserId ON T_SYS_PORTAL_ITEM (IUSER_ID);


/*基础数据*/
/*T_SYS_PORTAL*/
INSERT INTO T_SYS_PORTAL ( ILAYOUT_ID, SLAYOUT_TITLE, ITYPE, ILEFTWIDTH, ICENTERWIDTH, IRIGHTWIDTH ) 
		 VALUES ( 1, '左宽', 2, '56', '40', '0' ); 

INSERT INTO T_SYS_PORTAL ( ILAYOUT_ID, SLAYOUT_TITLE, ITYPE, ILEFTWIDTH, ICENTERWIDTH, IRIGHTWIDTH ) 
		 VALUES ( 2, '右宽', 2, '40', '56', '0' ); 

INSERT INTO T_SYS_PORTAL ( ILAYOUT_ID, SLAYOUT_TITLE, ITYPE, ILEFTWIDTH, ICENTERWIDTH, IRIGHTWIDTH ) 
		 VALUES ( 3, '两半分', 2, '48', '48', '0' ); 

INSERT INTO T_SYS_PORTAL ( ILAYOUT_ID, SLAYOUT_TITLE, ITYPE, ILEFTWIDTH, ICENTERWIDTH, IRIGHTWIDTH ) 
		 VALUES ( 4, '三等分', 1, '32', '32', '32' ); 


/*T_SYS_PORTAL_CONTENT*/
INSERT INTO T_SYS_PORTAL_CONTENT ( ICONTENT_ID, STITLE, SURL, ISORT, ISVALID, ICREATOR, DUPDATE, CONTENTTYPE ) 
		 VALUES ( 79, 'dddd', 'dddd', 123, 1, 1, '2012-01-16 01:41:26', 0 ); 

INSERT INTO T_SYS_PORTAL_CONTENT ( ICONTENT_ID, STITLE, SURL, ISORT, ISVALID, ICREATOR, DUPDATE, CONTENTTYPE ) 
		 VALUES ( 66, '在线用户', 'http://m.weather.com.cn/m/p10/weather1.htm', 4, 0, 1, '2011-12-26 07:10:33', 0 ); 

INSERT INTO T_SYS_PORTAL_CONTENT ( ICONTENT_ID, STITLE, SURL, ISORT, ISVALID, ICREATOR, DUPDATE, CONTENTTYPE ) 
		 VALUES ( 67, '预警信息', '/admin/commonModule/myPortal/test.html', 500, 0, 1, '2011-12-26 07:10:56', 0 ); 

INSERT INTO T_SYS_PORTAL_CONTENT ( ICONTENT_ID, STITLE, SURL, ISORT, ISVALID, ICREATOR, DUPDATE, CONTENTTYPE ) 
		 VALUES ( 75, '您的待办', 'http://m.weather.com.cn/m/p10/weather1.htm', 1, 0, 1, '2011-12-28 01:51:47', 0 ); 

INSERT INTO T_SYS_PORTAL_CONTENT ( ICONTENT_ID, STITLE, SURL, ISORT, ISVALID, ICREATOR, DUPDATE, CONTENTTYPE ) 
		 VALUES ( 76, '公告信息', 'http://m.weather.com.cn/m/p10/weather1.htm', 40, 0, 1, '2011-12-28 01:51:56', 0 ); 

INSERT INTO T_SYS_PORTAL_CONTENT ( ICONTENT_ID, STITLE, SURL, ISORT, ISVALID, ICREATOR, DUPDATE, CONTENTTYPE ) 
		 VALUES ( 77, '待办单据', 'http://m.weather.com.cn/m/p10/weather1.htm', 50, 0, 1, '2011-12-28 01:52:08', 0 ); 

INSERT INTO T_SYS_PORTAL_CONTENT ( ICONTENT_ID, STITLE, SURL, ISORT, ISVALID, ICREATOR, DUPDATE, CONTENTTYPE ) 
		 VALUES ( 78, '故障仪表盘', 'http://m.weather.com.cn/m/p10/weather1.htm', 60, 0, 1, '2011-12-28 01:52:17', 0 );


/*T_SYS_PORTAL_ITEM*/
INSERT INTO T_SYS_PORTAL_ITEM ( IPORTAL_ID, STITLE, ICONTENT_ID, ISCOLLAPSE, ISCLOSE, ISVALID, ISORT, IROW, ICOL, IUSER_ID, DUPDATE ) 
		 VALUES ( 178, '故障仪表盘', 78, 0, 0, 0, 0, 0, 0, 1, NULL ); 

INSERT INTO T_SYS_PORTAL_ITEM ( IPORTAL_ID, STITLE, ICONTENT_ID, ISCOLLAPSE, ISCLOSE, ISVALID, ISORT, IROW, ICOL, IUSER_ID, DUPDATE ) 
		 VALUES ( 179, '您的待办', 75, 0, 0, 0, 0, 1, 0, 1, NULL ); 

INSERT INTO T_SYS_PORTAL_ITEM ( IPORTAL_ID, STITLE, ICONTENT_ID, ISCOLLAPSE, ISCLOSE, ISVALID, ISORT, IROW, ICOL, IUSER_ID, DUPDATE ) 
		 VALUES ( 174, '公告信息', 76, 0, 0, 0, 0, 0, 0, 102170, NULL ); 

INSERT INTO T_SYS_PORTAL_ITEM ( IPORTAL_ID, STITLE, ICONTENT_ID, ISCOLLAPSE, ISCLOSE, ISVALID, ISORT, IROW, ICOL, IUSER_ID, DUPDATE ) 
		 VALUES ( 180, '待办单据', 77, 0, 0, 0, 0, 2, 0, 1, NULL ); 

INSERT INTO T_SYS_PORTAL_ITEM ( IPORTAL_ID, STITLE, ICONTENT_ID, ISCOLLAPSE, ISCLOSE, ISVALID, ISORT, IROW, ICOL, IUSER_ID, DUPDATE ) 
		 VALUES ( 181, '公告信息', 76, 0, 0, 0, 0, 3, 0, 1, NULL ); 

INSERT INTO T_SYS_PORTAL_ITEM ( IPORTAL_ID, STITLE, ICONTENT_ID, ISCOLLAPSE, ISCLOSE, ISVALID, ISORT, IROW, ICOL, IUSER_ID, DUPDATE ) 
		 VALUES ( 182, '预警信息', 67, 0, 0, 0, 0, 0, 1, 1, NULL ); 

INSERT INTO T_SYS_PORTAL_ITEM ( IPORTAL_ID, STITLE, ICONTENT_ID, ISCOLLAPSE, ISCLOSE, ISVALID, ISORT, IROW, ICOL, IUSER_ID, DUPDATE ) 
		 VALUES ( 183, '在线用户', 66, 0, 0, 0, 0, 1, 1, 1, NULL ); 

INSERT INTO T_SYS_PORTAL_ITEM ( IPORTAL_ID, STITLE, ICONTENT_ID, ISCOLLAPSE, ISCLOSE, ISVALID, ISORT, IROW, ICOL, IUSER_ID, DUPDATE ) 
		 VALUES ( 175, '待办单据', 77, 0, 0, 0, 0, 1, 0, 102170, NULL ); 

INSERT INTO T_SYS_PORTAL_ITEM ( IPORTAL_ID, STITLE, ICONTENT_ID, ISCOLLAPSE, ISCLOSE, ISVALID, ISORT, IROW, ICOL, IUSER_ID, DUPDATE ) 
		 VALUES ( 176, 'test123的待办', 75, 0, 0, 0, 0, 0, 1, 102170, NULL ); 

INSERT INTO T_SYS_PORTAL_ITEM ( IPORTAL_ID, STITLE, ICONTENT_ID, ISCOLLAPSE, ISCLOSE, ISVALID, ISORT, IROW, ICOL, IUSER_ID, DUPDATE ) 
		 VALUES ( 177, '在线用户', 66, 0, 0, 0, 0, 1, 1, 102170, NULL ); 


/*T_SYS_PORTL_LAYOUT_USER*/
INSERT INTO T_SYS_PORTL_LAYOUT_USER ( ILAYOUT_ID, IUSER_ID ) 
		 VALUES ( 4, 1 ); 

INSERT INTO T_SYS_PORTL_LAYOUT_USER ( ILAYOUT_ID, IUSER_ID ) 
		 VALUES ( 2, 102170 ); 
